{
  "distance": 0.522,
  "duration": 1.3833333333333333,
  "geometry": [
    [47.508617, -18.916256],
    [47.508576, -18.916224],
    [47.508584, -18.916127],
    [47.508419, -18.91604],
    [47.508371, -18.916033],
    [47.508274, -18.916072],
    [47.508166, -18.916234],
    [47.508171, -18.916277],
    [47.508219, -18.916328],
    [47.508306, -18.916384],
    [47.508356, -18.916405],
    [47.508489, -18.916424],
    [47.508528, -18.91648],
    [47.508539, -18.916532],
    [47.508415, -18.917993],
    [47.508439, -18.918287],
    [47.508516, -18.918254],
    [47.508486, -18.918033],
    [47.508587, -18.916712],
    [47.508568, -18.91658]
  ],
  "bearing": 262.07404193010166
}
