{"distance": 0.14, "duration": 0.6, "geometry": [[47.508723, -18.916314], [47.508668, -18.916296], [47.508576, -18.916224], [47.508584, -18.916127], [47.508419, -18.91604], [47.508371, -18.916033], [47.508274, -18.916072], [47.508166, -18.916234], [47.508171, -18.916277], [47.508219, -18.916328], [47.508306, -18.916384], [47.508356, -18.916405], [47.508489, -18.916424], [47.508528, -18.91648], [47.508532, -18.9165]], "bearing": 215.1870674958058}