{
  "distance": 0.033,
  "duration": 0.06666666666666667,
  "geometry": [
    [47.508555, -18.916485],
    [47.508545, -18.916412],
    [47.508781, -18.91642]
  ],
  "bearing": 21.221100352329586
}
