{
  "distance": 0.033,
  "duration": 0.06666666666666667,
  "geometry": [
    [47.508473, -18.91641],
    [47.508545, -18.916412],
    [47.50879, -18.91642]
  ],
  "bearing": 359.38958168101556
}
