{"distance": 0.047, "duration": 0.16666666666666666, "geometry": [[47.508797, -18.916335], [47.50878, -18.916334], [47.508668, -18.916296], [47.508576, -18.916224], [47.508584, -18.916127], [47.508505, -18.916085]], "bearing": 153.67754612321698}