{"distance": 0.042, "duration": 0.15, "geometry": [[47.508745, -18.916322], [47.508668, -18.916296], [47.508576, -18.916224], [47.508584, -18.916127], [47.5085, -18.916083]], "bearing": 152.8637462577011}